{
  "project_info": {
    "project_number": "550045670273",
    "firebase_url": "https://ca-ii-de471.firebaseio.com",
    "project_id": "ca-ii-de471",
    "storage_bucket": "ca-ii-de471.appspot.com"
  },
  "client": [
    {
      "client_info": {
        "mobilesdk_app_id": "1:550045670273:android:46b8c75e091935d5a9a680",
        "android_client_info": {
          "package_name": "com.neel.main"
        }
      },
      "oauth_client": [
        {
          "client_id": "550045670273-udobgu5tqqe7gegmtlbdoo37e68c4jj1.apps.googleusercontent.com",
          "client_type": 1,
          "android_info": {
            "package_name": "com.neel.main",
            "certificate_hash": "019b6beda1f17e599fb69c555d9ea7eb0572225d"
          }
        },
        {
          "client_id": "550045670273-mmhmluqpvspsmsknkdk475glmgshbdmc.apps.googleusercontent.com",
          "client_type": 3
        }
      ],
      "api_key": [
        {
          "current_key": "AIzaSyA0TzSSmj6KiQlYtreWzKQlSwSXyxNVXFE"
        }
      ],
      "services": {
        "appinvite_service": {
          "other_platform_oauth_client": [
            {
              "client_id": "550045670273-mmhmluqpvspsmsknkdk475glmgshbdmc.apps.googleusercontent.com",
              "client_type": 3
            }
          ]
        }
      }
    }
  ],
  "configuration_version": "1"
}